day_name,views
Sunday,597439.6213872832
Tuesday,567422.8003207699
Saturday,555063.7892405064
Friday,495460.47154471546
Monday,352305.18638573744
Thursday,304902.98139534885
Wednesday,281391.2804195804
